rank,uid,title,year,venue,url,problem_claimed,actual_mechanism,hidden_assumptions,variables_treated_as_fixed,failure_modes_ignored,what_it_makes_less_novel,what_it_leaves_open
1,arxiv:2602.11291v2,H-WM: Robotic Task and Motion Planning Guided by Hierarchical World Model,2026,arXiv,http://arxiv.org/abs/2602.11291v2,Addresses hierarchical robot policies or a neighboring robotics mechanism.,"Prior work usually predicts, ranks, filters, or imitates observed behavior rather than preserving unrealized branches.",The observed outcome is enough to supervise the model.,"Contact mode support, embodiment limits, and deployment perturbations.","Branch collapse, hidden-mode shift, and tail-risk planning failures.",Generic world models and generic uncertainty are crowded.,Hierarchical failure containment keeps action-critical alternatives explicit until a physical observation collapses them.
2,doi:10.1002/adrr.202500072,Grounding Large Language Models for Robot Task Planning Using Closed‐Loop State Feedback,2025,Advanced Robotics Research,https://doi.org/10.1002/adrr.202500072,Addresses hierarchical robot policies or a neighboring robotics mechanism.,"Prior work usually predicts, ranks, filters, or imitates observed behavior rather than preserving unrealized branches.",The observed outcome is enough to supervise the model.,"Contact mode support, embodiment limits, and deployment perturbations.","Branch collapse, hidden-mode shift, and tail-risk planning failures.",Generic world models and generic uncertainty are crowded.,Hierarchical failure containment keeps action-critical alternatives explicit until a physical observation collapses them.
3,arxiv:2506.22827v3,Hierarchical Vision-Language Planning for Multi-Step Humanoid Manipulation,2025,arXiv,http://arxiv.org/abs/2506.22827v3,Addresses hierarchical robot policies or a neighboring robotics mechanism.,"Prior work usually predicts, ranks, filters, or imitates observed behavior rather than preserving unrealized branches.",The observed outcome is enough to supervise the model.,"Contact mode support, embodiment limits, and deployment perturbations.","Branch collapse, hidden-mode shift, and tail-risk planning failures.",Generic world models and generic uncertainty are crowded.,Hierarchical failure containment keeps action-critical alternatives explicit until a physical observation collapses them.
4,arxiv:2512.03913v1,Hierarchical Vision Language Action Model Using Success and Failure Demonstrations,2025,arXiv,http://arxiv.org/abs/2512.03913v1,Addresses hierarchical robot policies or a neighboring robotics mechanism.,"Prior work usually predicts, ranks, filters, or imitates observed behavior rather than preserving unrealized branches.",The observed outcome is enough to supervise the model.,"Contact mode support, embodiment limits, and deployment perturbations.","Branch collapse, hidden-mode shift, and tail-risk planning failures.",Generic world models and generic uncertainty are crowded.,Hierarchical failure containment keeps action-critical alternatives explicit until a physical observation collapses them.
5,arxiv:2510.01642v2,FailSafe: Reasoning and Recovery from Failures in Vision-Language-Action Models,2025,arXiv,http://arxiv.org/abs/2510.01642v2,Addresses hierarchical robot policies or a neighboring robotics mechanism.,"Prior work usually predicts, ranks, filters, or imitates observed behavior rather than preserving unrealized branches.",The observed outcome is enough to supervise the model.,"Contact mode support, embodiment limits, and deployment perturbations.","Branch collapse, hidden-mode shift, and tail-risk planning failures.",Generic world models and generic uncertainty are crowded.,Hierarchical failure containment keeps action-critical alternatives explicit until a physical observation collapses them.
6,doi:10.1109/aim.2011.6027135,State parametrization in optimal control problems and low level controller design for multiple autonomous mobile robot systems,2011,2011 IEEE/ASME International Conference on Advanced Intelligent Mechatronics (AIM),https://doi.org/10.1109/aim.2011.6027135,Addresses hierarchical robot policies or a neighboring robotics mechanism.,"Prior work usually predicts, ranks, filters, or imitates observed behavior rather than preserving unrealized branches.",The observed outcome is enough to supervise the model.,"Contact mode support, embodiment limits, and deployment perturbations.","Branch collapse, hidden-mode shift, and tail-risk planning failures.",Generic world models and generic uncertainty are crowded.,Hierarchical failure containment keeps action-critical alternatives explicit until a physical observation collapses them.
7,doi:10.3390/app15062954,Failure Modes Analysis Related to User Experience in Interactive System Design Through a Fuzzy Failure Mode and Effect Analysis-Based Hybrid Approach,2025,Applied Sciences,https://doi.org/10.3390/app15062954,Addresses hierarchical robot policies or a neighboring robotics mechanism.,"Prior work usually predicts, ranks, filters, or imitates observed behavior rather than preserving unrealized branches.",The observed outcome is enough to supervise the model.,"Contact mode support, embodiment limits, and deployment perturbations.","Branch collapse, hidden-mode shift, and tail-risk planning failures.",Generic world models and generic uncertainty are crowded.,Hierarchical failure containment keeps action-critical alternatives explicit until a physical observation collapses them.
8,doi:10.1177/02783649251352112,Hierarchical task decomposition for execution monitoring and error recovery: Understanding the rationale behind task demonstrations,2026,The International Journal of Robotics Research,https://doi.org/10.1177/02783649251352112,Addresses hierarchical robot policies or a neighboring robotics mechanism.,"Prior work usually predicts, ranks, filters, or imitates observed behavior rather than preserving unrealized branches.",The observed outcome is enough to supervise the model.,"Contact mode support, embodiment limits, and deployment perturbations.","Branch collapse, hidden-mode shift, and tail-risk planning failures.",Generic world models and generic uncertainty are crowded.,Hierarchical failure containment keeps action-critical alternatives explicit until a physical observation collapses them.
9,arxiv:2601.17507v1,MetaWorld: Skill Transfer and Composition in a Hierarchical World Model for Grounding High-Level Instructions,2026,arXiv,http://arxiv.org/abs/2601.17507v1,Addresses hierarchical robot policies or a neighboring robotics mechanism.,"Prior work usually predicts, ranks, filters, or imitates observed behavior rather than preserving unrealized branches.",The observed outcome is enough to supervise the model.,"Contact mode support, embodiment limits, and deployment perturbations.","Branch collapse, hidden-mode shift, and tail-risk planning failures.",Generic world models and generic uncertainty are crowded.,Hierarchical failure containment keeps action-critical alternatives explicit until a physical observation collapses them.
10,arxiv:2412.00171v3,RoboMatrix: A Skill-centric Hierarchical Framework for Scalable Robot Task Planning and Execution in Open-World,2024,arXiv,http://arxiv.org/abs/2412.00171v3,Addresses hierarchical robot policies or a neighboring robotics mechanism.,"Prior work usually predicts, ranks, filters, or imitates observed behavior rather than preserving unrealized branches.",The observed outcome is enough to supervise the model.,"Contact mode support, embodiment limits, and deployment perturbations.","Branch collapse, hidden-mode shift, and tail-risk planning failures.",Generic world models and generic uncertainty are crowded.,Hierarchical failure containment keeps action-critical alternatives explicit until a physical observation collapses them.
11,doi:10.1108/josm-07-2024-0323,How task objectivity shapes customer responses to robot service failure,2025,Journal of Service Management,https://doi.org/10.1108/josm-07-2024-0323,Addresses hierarchical robot policies or a neighboring robotics mechanism.,"Prior work usually predicts, ranks, filters, or imitates observed behavior rather than preserving unrealized branches.",The observed outcome is enough to supervise the model.,"Contact mode support, embodiment limits, and deployment perturbations.","Branch collapse, hidden-mode shift, and tail-risk planning failures.",Generic world models and generic uncertainty are crowded.,Hierarchical failure containment keeps action-critical alternatives explicit until a physical observation collapses them.
12,arxiv:2510.26139v2,Kinodynamic Task and Motion Planning using VLM-guided and Interleaved Sampling,2025,arXiv,http://arxiv.org/abs/2510.26139v2,Addresses hierarchical robot policies or a neighboring robotics mechanism.,"Prior work usually predicts, ranks, filters, or imitates observed behavior rather than preserving unrealized branches.",The observed outcome is enough to supervise the model.,"Contact mode support, embodiment limits, and deployment perturbations.","Branch collapse, hidden-mode shift, and tail-risk planning failures.",Generic world models and generic uncertainty are crowded.,Hierarchical failure containment keeps action-critical alternatives explicit until a physical observation collapses them.
13,arxiv:2604.16677v1,ReconVLA: An Uncertainty-Guided and Failure-Aware Vision-Language-Action Framework for Robotic Control,2026,arXiv,http://arxiv.org/abs/2604.16677v1,Addresses hierarchical robot policies or a neighboring robotics mechanism.,"Prior work usually predicts, ranks, filters, or imitates observed behavior rather than preserving unrealized branches.",The observed outcome is enough to supervise the model.,"Contact mode support, embodiment limits, and deployment perturbations.","Branch collapse, hidden-mode shift, and tail-risk planning failures.",Generic world models and generic uncertainty are crowded.,Hierarchical failure containment keeps action-critical alternatives explicit until a physical observation collapses them.
14,doi:10.3390/machines11090904,Design of Backstepping Sliding Mode Control for a Polishing Robot Pneumatic System Based on the Extended State Observer,2023,Machines,https://doi.org/10.3390/machines11090904,Addresses hierarchical robot policies or a neighboring robotics mechanism.,"Prior work usually predicts, ranks, filters, or imitates observed behavior rather than preserving unrealized branches.",The observed outcome is enough to supervise the model.,"Contact mode support, embodiment limits, and deployment perturbations.","Branch collapse, hidden-mode shift, and tail-risk planning failures.",Generic world models and generic uncertainty are crowded.,Hierarchical failure containment keeps action-critical alternatives explicit until a physical observation collapses them.
15,arxiv:2302.06837v1,Adaptive design of experiment via normalizing flows for failure probability estimation,2023,arXiv,http://arxiv.org/abs/2302.06837v1,Addresses hierarchical robot policies or a neighboring robotics mechanism.,"Prior work usually predicts, ranks, filters, or imitates observed behavior rather than preserving unrealized branches.",The observed outcome is enough to supervise the model.,"Contact mode support, embodiment limits, and deployment perturbations.","Branch collapse, hidden-mode shift, and tail-risk planning failures.",Generic world models and generic uncertainty are crowded.,Hierarchical failure containment keeps action-critical alternatives explicit until a physical observation collapses them.
16,arxiv:2504.17901v2,Beyond Task and Motion Planning: Hierarchical Robot Planning with General-Purpose Skills,2025,arXiv,http://arxiv.org/abs/2504.17901v2,Addresses hierarchical robot policies or a neighboring robotics mechanism.,"Prior work usually predicts, ranks, filters, or imitates observed behavior rather than preserving unrealized branches.",The observed outcome is enough to supervise the model.,"Contact mode support, embodiment limits, and deployment perturbations.","Branch collapse, hidden-mode shift, and tail-risk planning failures.",Generic world models and generic uncertainty are crowded.,Hierarchical failure containment keeps action-critical alternatives explicit until a physical observation collapses them.
17,doi:10.1109/msp.2019.2933719,Low-Power Neuromorphic Hardware for Signal Processing Applications: A Review of Architectural and System-Level Design Approaches,2019,IEEE Signal Processing Magazine,https://doi.org/10.1109/msp.2019.2933719,Addresses hierarchical robot policies or a neighboring robotics mechanism.,"Prior work usually predicts, ranks, filters, or imitates observed behavior rather than preserving unrealized branches.",The observed outcome is enough to supervise the model.,"Contact mode support, embodiment limits, and deployment perturbations.","Branch collapse, hidden-mode shift, and tail-risk planning failures.",Generic world models and generic uncertainty are crowded.,Hierarchical failure containment keeps action-critical alternatives explicit until a physical observation collapses them.
18,arxiv:2605.16514v1,"No Plan, Yet Human: A Reactive Robotics Model Predicts Human Planning Failures on a Clinical Task",2026,arXiv,http://arxiv.org/abs/2605.16514v1,Addresses hierarchical robot policies or a neighboring robotics mechanism.,"Prior work usually predicts, ranks, filters, or imitates observed behavior rather than preserving unrealized branches.",The observed outcome is enough to supervise the model.,"Contact mode support, embodiment limits, and deployment perturbations.","Branch collapse, hidden-mode shift, and tail-risk planning failures.",Generic world models and generic uncertainty are crowded.,Hierarchical failure containment keeps action-critical alternatives explicit until a physical observation collapses them.
19,arxiv:2602.17659v1,When Vision Overrides Language: Evaluating and Mitigating Counterfactual Failures in VLAs,2026,arXiv,http://arxiv.org/abs/2602.17659v1,Addresses hierarchical robot policies or a neighboring robotics mechanism.,"Prior work usually predicts, ranks, filters, or imitates observed behavior rather than preserving unrealized branches.",The observed outcome is enough to supervise the model.,"Contact mode support, embodiment limits, and deployment perturbations.","Branch collapse, hidden-mode shift, and tail-risk planning failures.",Generic world models and generic uncertainty are crowded.,Hierarchical failure containment keeps action-critical alternatives explicit until a physical observation collapses them.
20,doi:10.1108/ir-12-2025-0466,A hierarchical task-skill autonomous decision-making framework for composite robots in chemical experiment operations,2026,Industrial Robot: the international journal of robotics research and application,https://doi.org/10.1108/ir-12-2025-0466,Addresses hierarchical robot policies or a neighboring robotics mechanism.,"Prior work usually predicts, ranks, filters, or imitates observed behavior rather than preserving unrealized branches.",The observed outcome is enough to supervise the model.,"Contact mode support, embodiment limits, and deployment perturbations.","Branch collapse, hidden-mode shift, and tail-risk planning failures.",Generic world models and generic uncertainty are crowded.,Hierarchical failure containment keeps action-critical alternatives explicit until a physical observation collapses them.
21,arxiv:2410.17188v2,Minimum-Violation Temporal Logic Planning for Heterogeneous Robots under Robot Skill Failures,2024,arXiv,http://arxiv.org/abs/2410.17188v2,Addresses hierarchical robot policies or a neighboring robotics mechanism.,"Prior work usually predicts, ranks, filters, or imitates observed behavior rather than preserving unrealized branches.",The observed outcome is enough to supervise the model.,"Contact mode support, embodiment limits, and deployment perturbations.","Branch collapse, hidden-mode shift, and tail-risk planning failures.",Generic world models and generic uncertainty are crowded.,Hierarchical failure containment keeps action-critical alternatives explicit until a physical observation collapses them.
22,doi:10.15488/3178,A Hierarchical Human-Robot Interaction-Planning Framework for Task Allocation in Collaborative Industrial Assembly Processes,2016,Institutional Repository of Leibniz Universität Hannover (Leibniz Universität Hannover),https://doi.org/10.15488/3178,Addresses hierarchical robot policies or a neighboring robotics mechanism.,"Prior work usually predicts, ranks, filters, or imitates observed behavior rather than preserving unrealized branches.",The observed outcome is enough to supervise the model.,"Contact mode support, embodiment limits, and deployment perturbations.","Branch collapse, hidden-mode shift, and tail-risk planning failures.",Generic world models and generic uncertainty are crowded.,Hierarchical failure containment keeps action-critical alternatives explicit until a physical observation collapses them.
23,doi:10.1353/wp.2001.0018,Improving Forecasts of State Failure,2001,World Politics,https://doi.org/10.1353/wp.2001.0018,Addresses hierarchical robot policies or a neighboring robotics mechanism.,"Prior work usually predicts, ranks, filters, or imitates observed behavior rather than preserving unrealized branches.",The observed outcome is enough to supervise the model.,"Contact mode support, embodiment limits, and deployment perturbations.","Branch collapse, hidden-mode shift, and tail-risk planning failures.",Generic world models and generic uncertainty are crowded.,Hierarchical failure containment keeps action-critical alternatives explicit until a physical observation collapses them.
24,arxiv:2605.12287v1,The SMC Blind Spot: A Failure Mode Analysis of State-of-the-Art Beat Tracking,2026,arXiv,http://arxiv.org/abs/2605.12287v1,Addresses hierarchical robot policies or a neighboring robotics mechanism.,"Prior work usually predicts, ranks, filters, or imitates observed behavior rather than preserving unrealized branches.",The observed outcome is enough to supervise the model.,"Contact mode support, embodiment limits, and deployment perturbations.","Branch collapse, hidden-mode shift, and tail-risk planning failures.",Generic world models and generic uncertainty are crowded.,Hierarchical failure containment keeps action-critical alternatives explicit until a physical observation collapses them.
25,doi:10.3390/systems11070348,Failure Mode and Effect Analysis with a Fuzzy Logic Approach,2023,Systems,https://doi.org/10.3390/systems11070348,Addresses hierarchical robot policies or a neighboring robotics mechanism.,"Prior work usually predicts, ranks, filters, or imitates observed behavior rather than preserving unrealized branches.",The observed outcome is enough to supervise the model.,"Contact mode support, embodiment limits, and deployment perturbations.","Branch collapse, hidden-mode shift, and tail-risk planning failures.",Generic world models and generic uncertainty are crowded.,Hierarchical failure containment keeps action-critical alternatives explicit until a physical observation collapses them.
26,doi:10.1109/humanoids.2016.7803285,Robot Contact Task State Estimation via Action Grammars,2016,arXiv,http://arxiv.org/abs/1609.04946v1,Addresses hierarchical robot policies or a neighboring robotics mechanism.,"Prior work usually predicts, ranks, filters, or imitates observed behavior rather than preserving unrealized branches.",The observed outcome is enough to supervise the model.,"Contact mode support, embodiment limits, and deployment perturbations.","Branch collapse, hidden-mode shift, and tail-risk planning failures.",Generic world models and generic uncertainty are crowded.,Hierarchical failure containment keeps action-critical alternatives explicit until a physical observation collapses them.
27,doi:10.3389/frobt.2025.1576348,Enhancing supermarket robot interaction: an equitable multi-level LLM conversational interface for handling diverse customer intents,2025,Frontiers in Robotics and AI,https://doi.org/10.3389/frobt.2025.1576348,Addresses hierarchical robot policies or a neighboring robotics mechanism.,"Prior work usually predicts, ranks, filters, or imitates observed behavior rather than preserving unrealized branches.",The observed outcome is enough to supervise the model.,"Contact mode support, embodiment limits, and deployment perturbations.","Branch collapse, hidden-mode shift, and tail-risk planning failures.",Generic world models and generic uncertainty are crowded.,Hierarchical failure containment keeps action-critical alternatives explicit until a physical observation collapses them.
28,doi:10.1115/detc2025-169758,CAD-Coder: An Open-Source Vision-Language Model for Computer-Aided Design Code Generation,2025,Volume 3A: 51st Design Automation Conference (DAC),https://doi.org/10.1115/detc2025-169758,Addresses hierarchical robot policies or a neighboring robotics mechanism.,"Prior work usually predicts, ranks, filters, or imitates observed behavior rather than preserving unrealized branches.",The observed outcome is enough to supervise the model.,"Contact mode support, embodiment limits, and deployment perturbations.","Branch collapse, hidden-mode shift, and tail-risk planning failures.",Generic world models and generic uncertainty are crowded.,Hierarchical failure containment keeps action-critical alternatives explicit until a physical observation collapses them.
29,arxiv:2605.08330v1,Hierarchical Prompting with Dual LLM Modules for Robotic Task and Motion Planning,2026,arXiv,http://arxiv.org/abs/2605.08330v1,Addresses hierarchical robot policies or a neighboring robotics mechanism.,"Prior work usually predicts, ranks, filters, or imitates observed behavior rather than preserving unrealized branches.",The observed outcome is enough to supervise the model.,"Contact mode support, embodiment limits, and deployment perturbations.","Branch collapse, hidden-mode shift, and tail-risk planning failures.",Generic world models and generic uncertainty are crowded.,Hierarchical failure containment keeps action-critical alternatives explicit until a physical observation collapses them.
30,arxiv:2305.05485v2,Resilient Temporal Logic Planning in the Presence of Robot Failures,2023,arXiv,http://arxiv.org/abs/2305.05485v2,Addresses hierarchical robot policies or a neighboring robotics mechanism.,"Prior work usually predicts, ranks, filters, or imitates observed behavior rather than preserving unrealized branches.",The observed outcome is enough to supervise the model.,"Contact mode support, embodiment limits, and deployment perturbations.","Branch collapse, hidden-mode shift, and tail-risk planning failures.",Generic world models and generic uncertainty are crowded.,Hierarchical failure containment keeps action-critical alternatives explicit until a physical observation collapses them.
31,doi:10.1007/s11071-021-07038-2,Hierarchical motion planning at the acceleration level based on task priority matrix for space robot,2022,Nonlinear Dynamics,https://doi.org/10.1007/s11071-021-07038-2,Addresses hierarchical robot policies or a neighboring robotics mechanism.,"Prior work usually predicts, ranks, filters, or imitates observed behavior rather than preserving unrealized branches.",The observed outcome is enough to supervise the model.,"Contact mode support, embodiment limits, and deployment perturbations.","Branch collapse, hidden-mode shift, and tail-risk planning failures.",Generic world models and generic uncertainty are crowded.,Hierarchical failure containment keeps action-critical alternatives explicit until a physical observation collapses them.
32,doi:10.1109/case49997.2022.9926658,Reactive Task Allocation and Planning for Quadrupedal and Wheeled Robot Teaming,2022,2022 IEEE 18th International Conference on Automation Science and Engineering (CASE),https://doi.org/10.1109/case49997.2022.9926658,Addresses hierarchical robot policies or a neighboring robotics mechanism.,"Prior work usually predicts, ranks, filters, or imitates observed behavior rather than preserving unrealized branches.",The observed outcome is enough to supervise the model.,"Contact mode support, embodiment limits, and deployment perturbations.","Branch collapse, hidden-mode shift, and tail-risk planning failures.",Generic world models and generic uncertainty are crowded.,Hierarchical failure containment keeps action-critical alternatives explicit until a physical observation collapses them.
33,doi:10.1109/tase.2021.3138280,Explainable Hierarchical Imitation Learning for Robotic Drink Pouring,2021,IEEE Transactions on Automation Science and Engineering,https://doi.org/10.1109/tase.2021.3138280,Addresses hierarchical robot policies or a neighboring robotics mechanism.,"Prior work usually predicts, ranks, filters, or imitates observed behavior rather than preserving unrealized branches.",The observed outcome is enough to supervise the model.,"Contact mode support, embodiment limits, and deployment perturbations.","Branch collapse, hidden-mode shift, and tail-risk planning failures.",Generic world models and generic uncertainty are crowded.,Hierarchical failure containment keeps action-critical alternatives explicit until a physical observation collapses them.
34,doi:10.1146/annurev-control-042920-012045,Design and Control of Drones,2022,"Annual Review of Control, Robotics, and Autonomous Systems",https://doi.org/10.1146/annurev-control-042920-012045,Addresses hierarchical robot policies or a neighboring robotics mechanism.,"Prior work usually predicts, ranks, filters, or imitates observed behavior rather than preserving unrealized branches.",The observed outcome is enough to supervise the model.,"Contact mode support, embodiment limits, and deployment perturbations.","Branch collapse, hidden-mode shift, and tail-risk planning failures.",Generic world models and generic uncertainty are crowded.,Hierarchical failure containment keeps action-critical alternatives explicit until a physical observation collapses them.
35,arxiv:2407.08065v1,Towards Interpretable Foundation Models of Robot Behavior: A Task Specific Policy Generation Approach,2024,arXiv,http://arxiv.org/abs/2407.08065v1,Addresses hierarchical robot policies or a neighboring robotics mechanism.,"Prior work usually predicts, ranks, filters, or imitates observed behavior rather than preserving unrealized branches.",The observed outcome is enough to supervise the model.,"Contact mode support, embodiment limits, and deployment perturbations.","Branch collapse, hidden-mode shift, and tail-risk planning failures.",Generic world models and generic uncertainty are crowded.,Hierarchical failure containment keeps action-critical alternatives explicit until a physical observation collapses them.
36,doi:10.3390/s22134665,A Simulation-Based Approach to Aid Development of Software-Based Hardware Failure Detection and Mitigation Algorithms of a Mobile Robot System,2022,Sensors,https://doi.org/10.3390/s22134665,Addresses hierarchical robot policies or a neighboring robotics mechanism.,"Prior work usually predicts, ranks, filters, or imitates observed behavior rather than preserving unrealized branches.",The observed outcome is enough to supervise the model.,"Contact mode support, embodiment limits, and deployment perturbations.","Branch collapse, hidden-mode shift, and tail-risk planning failures.",Generic world models and generic uncertainty are crowded.,Hierarchical failure containment keeps action-critical alternatives explicit until a physical observation collapses them.
37,arxiv:2404.07717v3,Reflectance Estimation for Proximity Sensing by Vision-Language Models: Utilizing Distributional Semantics for Low-Level Cognition in Robotics,2024,arXiv,http://arxiv.org/abs/2404.07717v3,Addresses hierarchical robot policies or a neighboring robotics mechanism.,"Prior work usually predicts, ranks, filters, or imitates observed behavior rather than preserving unrealized branches.",The observed outcome is enough to supervise the model.,"Contact mode support, embodiment limits, and deployment perturbations.","Branch collapse, hidden-mode shift, and tail-risk planning failures.",Generic world models and generic uncertainty are crowded.,Hierarchical failure containment keeps action-critical alternatives explicit until a physical observation collapses them.
38,doi:10.2166/ws.2005.0015,Integrated failure forecasting model for the strategic rehabilitation planning process,2005,Water Supply,https://doi.org/10.2166/ws.2005.0015,Addresses hierarchical robot policies or a neighboring robotics mechanism.,"Prior work usually predicts, ranks, filters, or imitates observed behavior rather than preserving unrealized branches.",The observed outcome is enough to supervise the model.,"Contact mode support, embodiment limits, and deployment perturbations.","Branch collapse, hidden-mode shift, and tail-risk planning failures.",Generic world models and generic uncertainty are crowded.,Hierarchical failure containment keeps action-critical alternatives explicit until a physical observation collapses them.
39,arxiv:2506.09937v2,SAFE: Multitask Failure Detection for Vision-Language-Action Models,2025,arXiv,http://arxiv.org/abs/2506.09937v2,Addresses hierarchical robot policies or a neighboring robotics mechanism.,"Prior work usually predicts, ranks, filters, or imitates observed behavior rather than preserving unrealized branches.",The observed outcome is enough to supervise the model.,"Contact mode support, embodiment limits, and deployment perturbations.","Branch collapse, hidden-mode shift, and tail-risk planning failures.",Generic world models and generic uncertainty are crowded.,Hierarchical failure containment keeps action-critical alternatives explicit until a physical observation collapses them.
40,doi:10.1115/dscc2015-9993,Hierarchical Design for Connected Cruise Control,2015,Volume 1: Adaptive and Intelligent Systems Control; Advances in Control Design Methods; Advances in Non-Linear and Optimal Control; Advances in Robotics; Advances in Wind Energy Systems; Aerospace Applications; Aerospace Power Optimization; Assistive Robotics; Automotive 2: Hybrid Electric Vehicles; Automotive 3: Internal Combustion Engines; Automotive Engine Control; Battery Management; Bio Engineering Applications; Biomed and Neural Systems; Connected Vehicles; Control of Robotic Systems,https://doi.org/10.1115/dscc2015-9993,Addresses hierarchical robot policies or a neighboring robotics mechanism.,"Prior work usually predicts, ranks, filters, or imitates observed behavior rather than preserving unrealized branches.",The observed outcome is enough to supervise the model.,"Contact mode support, embodiment limits, and deployment perturbations.","Branch collapse, hidden-mode shift, and tail-risk planning failures.",Generic world models and generic uncertainty are crowded.,Hierarchical failure containment keeps action-critical alternatives explicit until a physical observation collapses them.
41,doi:10.1063/5.0203126,"X-LoRA: Mixture of low-rank adapter experts, a flexible framework for large language models with applications in protein mechanics and molecular design",2024,APL Machine Learning,https://doi.org/10.1063/5.0203126,Addresses hierarchical robot policies or a neighboring robotics mechanism.,"Prior work usually predicts, ranks, filters, or imitates observed behavior rather than preserving unrealized branches.",The observed outcome is enough to supervise the model.,"Contact mode support, embodiment limits, and deployment perturbations.","Branch collapse, hidden-mode shift, and tail-risk planning failures.",Generic world models and generic uncertainty are crowded.,Hierarchical failure containment keeps action-critical alternatives explicit until a physical observation collapses them.
42,doi:10.3390/su15118678,Artificial Intelligence Assisted Social Failure Mode and Effect Analysis (FMEA) for Sustainable Product Design,2023,Sustainability,https://doi.org/10.3390/su15118678,Addresses hierarchical robot policies or a neighboring robotics mechanism.,"Prior work usually predicts, ranks, filters, or imitates observed behavior rather than preserving unrealized branches.",The observed outcome is enough to supervise the model.,"Contact mode support, embodiment limits, and deployment perturbations.","Branch collapse, hidden-mode shift, and tail-risk planning failures.",Generic world models and generic uncertainty are crowded.,Hierarchical failure containment keeps action-critical alternatives explicit until a physical observation collapses them.
43,doi:10.20944/preprints202601.0910.v1,State Drift in Language-Conditioned Autonomous Agents: A Failure Mode of Long-Horizon Reasoning,,,https://doi.org/10.20944/preprints202601.0910.v1,Addresses hierarchical robot policies or a neighboring robotics mechanism.,"Prior work usually predicts, ranks, filters, or imitates observed behavior rather than preserving unrealized branches.",The observed outcome is enough to supervise the model.,"Contact mode support, embodiment limits, and deployment perturbations.","Branch collapse, hidden-mode shift, and tail-risk planning failures.",Generic world models and generic uncertainty are crowded.,Hierarchical failure containment keeps action-critical alternatives explicit until a physical observation collapses them.
44,arxiv:2410.00371v1,AHA: A Vision-Language-Model for Detecting and Reasoning Over Failures in Robotic Manipulation,2024,arXiv,http://arxiv.org/abs/2410.00371v1,Addresses hierarchical robot policies or a neighboring robotics mechanism.,"Prior work usually predicts, ranks, filters, or imitates observed behavior rather than preserving unrealized branches.",The observed outcome is enough to supervise the model.,"Contact mode support, embodiment limits, and deployment perturbations.","Branch collapse, hidden-mode shift, and tail-risk planning failures.",Generic world models and generic uncertainty are crowded.,Hierarchical failure containment keeps action-critical alternatives explicit until a physical observation collapses them.
45,doi:10.1609/aaai.v40i22.38896,GraphCoT-VLA: A 3D Spatial-Aware Reasoning Vision-Language-Action Model for Robotic Manipulation with Ambiguous Instructions,2026,Proceedings of the AAAI Conference on Artificial Intelligence,https://doi.org/10.1609/aaai.v40i22.38896,Addresses hierarchical robot policies or a neighboring robotics mechanism.,"Prior work usually predicts, ranks, filters, or imitates observed behavior rather than preserving unrealized branches.",The observed outcome is enough to supervise the model.,"Contact mode support, embodiment limits, and deployment perturbations.","Branch collapse, hidden-mode shift, and tail-risk planning failures.",Generic world models and generic uncertainty are crowded.,Hierarchical failure containment keeps action-critical alternatives explicit until a physical observation collapses them.
46,doi:10.24963/ijcai.2017/623,Hierarchical Task Network Planning with Task Insertion and State Constraints,2017,Proceedings of the Twenty-Sixth International Joint Conference on Artificial Intelligence,https://doi.org/10.24963/ijcai.2017/623,Addresses hierarchical robot policies or a neighboring robotics mechanism.,"Prior work usually predicts, ranks, filters, or imitates observed behavior rather than preserving unrealized branches.",The observed outcome is enough to supervise the model.,"Contact mode support, embodiment limits, and deployment perturbations.","Branch collapse, hidden-mode shift, and tail-risk planning failures.",Generic world models and generic uncertainty are crowded.,Hierarchical failure containment keeps action-critical alternatives explicit until a physical observation collapses them.
47,doi:10.3389/frobt.2024.1444188,HPRS: hierarchical potential-based reward shaping from task specifications,2025,Frontiers in Robotics and AI,https://doi.org/10.3389/frobt.2024.1444188,Addresses hierarchical robot policies or a neighboring robotics mechanism.,"Prior work usually predicts, ranks, filters, or imitates observed behavior rather than preserving unrealized branches.",The observed outcome is enough to supervise the model.,"Contact mode support, embodiment limits, and deployment perturbations.","Branch collapse, hidden-mode shift, and tail-risk planning failures.",Generic world models and generic uncertainty are crowded.,Hierarchical failure containment keeps action-critical alternatives explicit until a physical observation collapses them.
48,doi:10.3390/app15179463,V-PRUNE: Semantic-Aware Patch Pruning Before Tokenization in Vision–Language Model Inference,2025,Applied Sciences,https://doi.org/10.3390/app15179463,Addresses hierarchical robot policies or a neighboring robotics mechanism.,"Prior work usually predicts, ranks, filters, or imitates observed behavior rather than preserving unrealized branches.",The observed outcome is enough to supervise the model.,"Contact mode support, embodiment limits, and deployment perturbations.","Branch collapse, hidden-mode shift, and tail-risk planning failures.",Generic world models and generic uncertainty are crowded.,Hierarchical failure containment keeps action-critical alternatives explicit until a physical observation collapses them.
49,doi:10.48550/arxiv.2310.12931,Eureka: Human-Level Reward Design via Coding Large Language Models,2023,arXiv (Cornell University),https://doi.org/10.48550/arxiv.2310.12931,Addresses hierarchical robot policies or a neighboring robotics mechanism.,"Prior work usually predicts, ranks, filters, or imitates observed behavior rather than preserving unrealized branches.",The observed outcome is enough to supervise the model.,"Contact mode support, embodiment limits, and deployment perturbations.","Branch collapse, hidden-mode shift, and tail-risk planning failures.",Generic world models and generic uncertainty are crowded.,Hierarchical failure containment keeps action-critical alternatives explicit until a physical observation collapses them.
50,doi:10.20965/jrm.2025.p0434,Skill Implemented Motion Planning for Precision Assembly Task of Part Mating Gears,2025,Journal of Robotics and Mechatronics,https://doi.org/10.20965/jrm.2025.p0434,Addresses hierarchical robot policies or a neighboring robotics mechanism.,"Prior work usually predicts, ranks, filters, or imitates observed behavior rather than preserving unrealized branches.",The observed outcome is enough to supervise the model.,"Contact mode support, embodiment limits, and deployment perturbations.","Branch collapse, hidden-mode shift, and tail-risk planning failures.",Generic world models and generic uncertainty are crowded.,Hierarchical failure containment keeps action-critical alternatives explicit until a physical observation collapses them.
51,arxiv:2602.03973v1,VLS: Steering Pretrained Robot Policies via Vision-Language Models,2026,arXiv,http://arxiv.org/abs/2602.03973v1,Addresses hierarchical robot policies or a neighboring robotics mechanism.,"Prior work usually predicts, ranks, filters, or imitates observed behavior rather than preserving unrealized branches.",The observed outcome is enough to supervise the model.,"Contact mode support, embodiment limits, and deployment perturbations.","Branch collapse, hidden-mode shift, and tail-risk planning failures.",Generic world models and generic uncertainty are crowded.,Hierarchical failure containment keeps action-critical alternatives explicit until a physical observation collapses them.
52,doi:10.1155/2019/5015741,Evaluation of Image Enhancement Techniques for Vision-Based Navigation under Low Illumination,2019,Journal of Robotics,https://doi.org/10.1155/2019/5015741,Addresses hierarchical robot policies or a neighboring robotics mechanism.,"Prior work usually predicts, ranks, filters, or imitates observed behavior rather than preserving unrealized branches.",The observed outcome is enough to supervise the model.,"Contact mode support, embodiment limits, and deployment perturbations.","Branch collapse, hidden-mode shift, and tail-risk planning failures.",Generic world models and generic uncertainty are crowded.,Hierarchical failure containment keeps action-critical alternatives explicit until a physical observation collapses them.
53,arxiv:2606.09630v1,ReCoVLA: VLM-Guided Reward Compilation for Failure Recovery in Vision-Language-Action Policies,2026,arXiv,http://arxiv.org/abs/2606.09630v1,Addresses hierarchical robot policies or a neighboring robotics mechanism.,"Prior work usually predicts, ranks, filters, or imitates observed behavior rather than preserving unrealized branches.",The observed outcome is enough to supervise the model.,"Contact mode support, embodiment limits, and deployment perturbations.","Branch collapse, hidden-mode shift, and tail-risk planning failures.",Generic world models and generic uncertainty are crowded.,Hierarchical failure containment keeps action-critical alternatives explicit until a physical observation collapses them.
54,doi:10.21070/prozima.v9i2.1761,Evaluation of Quality Failures in the Production Process Using the Seven Tools and Failure Mode and Effect Analysis (FMEA),2025,"PROZIMA (Productivity, Optimization and Manufacturing System Engineering)",https://doi.org/10.21070/prozima.v9i2.1761,Addresses hierarchical robot policies or a neighboring robotics mechanism.,"Prior work usually predicts, ranks, filters, or imitates observed behavior rather than preserving unrealized branches.",The observed outcome is enough to supervise the model.,"Contact mode support, embodiment limits, and deployment perturbations.","Branch collapse, hidden-mode shift, and tail-risk planning failures.",Generic world models and generic uncertainty are crowded.,Hierarchical failure containment keeps action-critical alternatives explicit until a physical observation collapses them.
55,doi:10.1177/02783649211038280,"Representation, learning, and planning algorithms for geometric task and motion planning",2022,The International Journal of Robotics Research,https://doi.org/10.1177/02783649211038280,Addresses hierarchical robot policies or a neighboring robotics mechanism.,"Prior work usually predicts, ranks, filters, or imitates observed behavior rather than preserving unrealized branches.",The observed outcome is enough to supervise the model.,"Contact mode support, embodiment limits, and deployment perturbations.","Branch collapse, hidden-mode shift, and tail-risk planning failures.",Generic world models and generic uncertainty are crowded.,Hierarchical failure containment keeps action-critical alternatives explicit until a physical observation collapses them.
56,doi:10.31763/ijrcs.v5i5.2054,Design and Fabrication of a 6-DOF Articulated Robotic Arm for Research and Educational Applications,2025,International Journal of Robotics and Control Systems,https://doi.org/10.31763/ijrcs.v5i5.2054,Addresses hierarchical robot policies or a neighboring robotics mechanism.,"Prior work usually predicts, ranks, filters, or imitates observed behavior rather than preserving unrealized branches.",The observed outcome is enough to supervise the model.,"Contact mode support, embodiment limits, and deployment perturbations.","Branch collapse, hidden-mode shift, and tail-risk planning failures.",Generic world models and generic uncertainty are crowded.,Hierarchical failure containment keeps action-critical alternatives explicit until a physical observation collapses them.
57,arxiv:2503.06060v1,STAR: A Foundation Model-driven Framework for Robust Task Planning and Failure Recovery in Robotic Systems,2025,arXiv,http://arxiv.org/abs/2503.06060v1,Addresses hierarchical robot policies or a neighboring robotics mechanism.,"Prior work usually predicts, ranks, filters, or imitates observed behavior rather than preserving unrealized branches.",The observed outcome is enough to supervise the model.,"Contact mode support, embodiment limits, and deployment perturbations.","Branch collapse, hidden-mode shift, and tail-risk planning failures.",Generic world models and generic uncertainty are crowded.,Hierarchical failure containment keeps action-critical alternatives explicit until a physical observation collapses them.
58,arxiv:2605.08434v2,Failing Forward: Adaptive Failure-Informed Learning for Vision-Language-Action Models,2026,arXiv,http://arxiv.org/abs/2605.08434v2,Addresses hierarchical robot policies or a neighboring robotics mechanism.,"Prior work usually predicts, ranks, filters, or imitates observed behavior rather than preserving unrealized branches.",The observed outcome is enough to supervise the model.,"Contact mode support, embodiment limits, and deployment perturbations.","Branch collapse, hidden-mode shift, and tail-risk planning failures.",Generic world models and generic uncertainty are crowded.,Hierarchical failure containment keeps action-critical alternatives explicit until a physical observation collapses them.
59,doi:10.1109/ica-symp.2019.8646140,Design of State Feedback Traffic Control Using Hierarchical Distributed Control Framework,2019,"2019 First International Symposium on Instrumentation, Control, Artificial Intelligence, and Robotics (ICA-SYMP)",https://doi.org/10.1109/ica-symp.2019.8646140,Addresses hierarchical robot policies or a neighboring robotics mechanism.,"Prior work usually predicts, ranks, filters, or imitates observed behavior rather than preserving unrealized branches.",The observed outcome is enough to supervise the model.,"Contact mode support, embodiment limits, and deployment perturbations.","Branch collapse, hidden-mode shift, and tail-risk planning failures.",Generic world models and generic uncertainty are crowded.,Hierarchical failure containment keeps action-critical alternatives explicit until a physical observation collapses them.
60,doi:10.1142/s2972335325500073,STAR: A Foundation Model-Driven Framework for Robust Task Planning and Failure Recovery in Robotic Systems,2025,International Journal of Artificial Intelligence and Robotics Research,https://doi.org/10.1142/s2972335325500073,Addresses hierarchical robot policies or a neighboring robotics mechanism.,"Prior work usually predicts, ranks, filters, or imitates observed behavior rather than preserving unrealized branches.",The observed outcome is enough to supervise the model.,"Contact mode support, embodiment limits, and deployment perturbations.","Branch collapse, hidden-mode shift, and tail-risk planning failures.",Generic world models and generic uncertainty are crowded.,Hierarchical failure containment keeps action-critical alternatives explicit until a physical observation collapses them.
61,doi:10.2139/ssrn.6552798,"TRASH-35: A Systems-Level Model for Diagnosing Functional Failure in Technologies That ""Should Work""",,,https://doi.org/10.2139/ssrn.6552798,Addresses hierarchical robot policies or a neighboring robotics mechanism.,"Prior work usually predicts, ranks, filters, or imitates observed behavior rather than preserving unrealized branches.",The observed outcome is enough to supervise the model.,"Contact mode support, embodiment limits, and deployment perturbations.","Branch collapse, hidden-mode shift, and tail-risk planning failures.",Generic world models and generic uncertainty are crowded.,Hierarchical failure containment keeps action-critical alternatives explicit until a physical observation collapses them.
62,arxiv:2207.05006v1,TASKOGRAPHY: Evaluating robot task planning over large 3D scene graphs,2022,arXiv,http://arxiv.org/abs/2207.05006v1,Addresses hierarchical robot policies or a neighboring robotics mechanism.,"Prior work usually predicts, ranks, filters, or imitates observed behavior rather than preserving unrealized branches.",The observed outcome is enough to supervise the model.,"Contact mode support, embodiment limits, and deployment perturbations.","Branch collapse, hidden-mode shift, and tail-risk planning failures.",Generic world models and generic uncertainty are crowded.,Hierarchical failure containment keeps action-critical alternatives explicit until a physical observation collapses them.
63,doi:10.1080/01691864.2024.2393408,Reflectance estimation for proximity sensing by vision-language models: utilizing distributional semantics for low-level cognition in robotics,2024,Advanced Robotics,https://doi.org/10.1080/01691864.2024.2393408,Addresses hierarchical robot policies or a neighboring robotics mechanism.,"Prior work usually predicts, ranks, filters, or imitates observed behavior rather than preserving unrealized branches.",The observed outcome is enough to supervise the model.,"Contact mode support, embodiment limits, and deployment perturbations.","Branch collapse, hidden-mode shift, and tail-risk planning failures.",Generic world models and generic uncertainty are crowded.,Hierarchical failure containment keeps action-critical alternatives explicit until a physical observation collapses them.
64,arxiv:2502.16899v1,Gazing at Failure: Investigating Human Gaze in Response to Robot Failure in Collaborative Tasks,2025,arXiv,http://arxiv.org/abs/2502.16899v1,Addresses hierarchical robot policies or a neighboring robotics mechanism.,"Prior work usually predicts, ranks, filters, or imitates observed behavior rather than preserving unrealized branches.",The observed outcome is enough to supervise the model.,"Contact mode support, embodiment limits, and deployment perturbations.","Branch collapse, hidden-mode shift, and tail-risk planning failures.",Generic world models and generic uncertainty are crowded.,Hierarchical failure containment keeps action-critical alternatives explicit until a physical observation collapses them.
65,arxiv:2605.12674v1,Revealing Interpretable Failure Modes of VLMs,2026,arXiv,http://arxiv.org/abs/2605.12674v1,Addresses hierarchical robot policies or a neighboring robotics mechanism.,"Prior work usually predicts, ranks, filters, or imitates observed behavior rather than preserving unrealized branches.",The observed outcome is enough to supervise the model.,"Contact mode support, embodiment limits, and deployment perturbations.","Branch collapse, hidden-mode shift, and tail-risk planning failures.",Generic world models and generic uncertainty are crowded.,Hierarchical failure containment keeps action-critical alternatives explicit until a physical observation collapses them.
66,arxiv:2602.19710v2,Universal Pose Pretraining for Generalizable Vision-Language-Action Policies,2026,arXiv,http://arxiv.org/abs/2602.19710v2,Addresses hierarchical robot policies or a neighboring robotics mechanism.,"Prior work usually predicts, ranks, filters, or imitates observed behavior rather than preserving unrealized branches.",The observed outcome is enough to supervise the model.,"Contact mode support, embodiment limits, and deployment perturbations.","Branch collapse, hidden-mode shift, and tail-risk planning failures.",Generic world models and generic uncertainty are crowded.,Hierarchical failure containment keeps action-critical alternatives explicit until a physical observation collapses them.
67,arxiv:2506.13679v1,ROSA: Harnessing Robot States for Vision-Language and Action Alignment,2025,arXiv,http://arxiv.org/abs/2506.13679v1,Addresses hierarchical robot policies or a neighboring robotics mechanism.,"Prior work usually predicts, ranks, filters, or imitates observed behavior rather than preserving unrealized branches.",The observed outcome is enough to supervise the model.,"Contact mode support, embodiment limits, and deployment perturbations.","Branch collapse, hidden-mode shift, and tail-risk planning failures.",Generic world models and generic uncertainty are crowded.,Hierarchical failure containment keeps action-critical alternatives explicit until a physical observation collapses them.
68,doi:10.1007/s12525-022-00613-4,"Users taking the blame? How service failure, recovery, and robot design affect user attributions and retention",2022,Electronic Markets,https://doi.org/10.1007/s12525-022-00613-4,Addresses hierarchical robot policies or a neighboring robotics mechanism.,"Prior work usually predicts, ranks, filters, or imitates observed behavior rather than preserving unrealized branches.",The observed outcome is enough to supervise the model.,"Contact mode support, embodiment limits, and deployment perturbations.","Branch collapse, hidden-mode shift, and tail-risk planning failures.",Generic world models and generic uncertainty are crowded.,Hierarchical failure containment keeps action-critical alternatives explicit until a physical observation collapses them.
69,arxiv:2602.21670v2,Hierarchical LLM-Based Multi-Agent Framework with Prompt Optimization for Multi-Robot Task Planning,2026,arXiv,http://arxiv.org/abs/2602.21670v2,Addresses hierarchical robot policies or a neighboring robotics mechanism.,"Prior work usually predicts, ranks, filters, or imitates observed behavior rather than preserving unrealized branches.",The observed outcome is enough to supervise the model.,"Contact mode support, embodiment limits, and deployment perturbations.","Branch collapse, hidden-mode shift, and tail-risk planning failures.",Generic world models and generic uncertainty are crowded.,Hierarchical failure containment keeps action-critical alternatives explicit until a physical observation collapses them.
70,doi:10.1145/3583136,Recent Trends in Task and Motion Planning for Robotics: A Survey,2023,ACM Computing Surveys,https://doi.org/10.1145/3583136,Addresses hierarchical robot policies or a neighboring robotics mechanism.,"Prior work usually predicts, ranks, filters, or imitates observed behavior rather than preserving unrealized branches.",The observed outcome is enough to supervise the model.,"Contact mode support, embodiment limits, and deployment perturbations.","Branch collapse, hidden-mode shift, and tail-risk planning failures.",Generic world models and generic uncertainty are crowded.,Hierarchical failure containment keeps action-critical alternatives explicit until a physical observation collapses them.
71,doi:10.1162/pres.1996.5.4.416,Task-Level Object Grasping for Simulated Agents,1996,Presence: Teleoperators and Virtual Environments,https://doi.org/10.1162/pres.1996.5.4.416,Addresses hierarchical robot policies or a neighboring robotics mechanism.,"Prior work usually predicts, ranks, filters, or imitates observed behavior rather than preserving unrealized branches.",The observed outcome is enough to supervise the model.,"Contact mode support, embodiment limits, and deployment perturbations.","Branch collapse, hidden-mode shift, and tail-risk planning failures.",Generic world models and generic uncertainty are crowded.,Hierarchical failure containment keeps action-critical alternatives explicit until a physical observation collapses them.
72,doi:10.1609/aaai.v40i22.38902,DiTEA: Mixture-of-Experts for Vision-Language-Action Model in Robotic Manipulation,2026,Proceedings of the AAAI Conference on Artificial Intelligence,https://doi.org/10.1609/aaai.v40i22.38902,Addresses hierarchical robot policies or a neighboring robotics mechanism.,"Prior work usually predicts, ranks, filters, or imitates observed behavior rather than preserving unrealized branches.",The observed outcome is enough to supervise the model.,"Contact mode support, embodiment limits, and deployment perturbations.","Branch collapse, hidden-mode shift, and tail-risk planning failures.",Generic world models and generic uncertainty are crowded.,Hierarchical failure containment keeps action-critical alternatives explicit until a physical observation collapses them.
73,arxiv:2411.18711v4,Evaluating Vision-Language Models as Evaluators in Path Planning,2024,arXiv,http://arxiv.org/abs/2411.18711v4,Addresses hierarchical robot policies or a neighboring robotics mechanism.,"Prior work usually predicts, ranks, filters, or imitates observed behavior rather than preserving unrealized branches.",The observed outcome is enough to supervise the model.,"Contact mode support, embodiment limits, and deployment perturbations.","Branch collapse, hidden-mode shift, and tail-risk planning failures.",Generic world models and generic uncertainty are crowded.,Hierarchical failure containment keeps action-critical alternatives explicit until a physical observation collapses them.
74,doi:10.22541/au.172508260.09230076/v1,Dynamic Modelling and Design of Hierarchical Sliding Mode Control for a Two-Wheeled Self-Balancing Mobile Robot Moving on a Muddy Road.,,,https://doi.org/10.22541/au.172508260.09230076/v1,Addresses hierarchical robot policies or a neighboring robotics mechanism.,"Prior work usually predicts, ranks, filters, or imitates observed behavior rather than preserving unrealized branches.",The observed outcome is enough to supervise the model.,"Contact mode support, embodiment limits, and deployment perturbations.","Branch collapse, hidden-mode shift, and tail-risk planning failures.",Generic world models and generic uncertainty are crowded.,Hierarchical failure containment keeps action-critical alternatives explicit until a physical observation collapses them.
75,doi:10.1109/ro-man63969.2025.11217709,Robot Arms Too Short? Explaining Motion Planning Failures using Design Optimization,2025,2025 34th IEEE International Conference on Robot and Human Interactive Communication (RO-MAN),https://doi.org/10.1109/ro-man63969.2025.11217709,Addresses hierarchical robot policies or a neighboring robotics mechanism.,"Prior work usually predicts, ranks, filters, or imitates observed behavior rather than preserving unrealized branches.",The observed outcome is enough to supervise the model.,"Contact mode support, embodiment limits, and deployment perturbations.","Branch collapse, hidden-mode shift, and tail-risk planning failures.",Generic world models and generic uncertainty are crowded.,Hierarchical failure containment keeps action-critical alternatives explicit until a physical observation collapses them.
76,doi:10.15607/rss.2025.xxi.099,Hierarchical Temporal Logic Task and Motion Planning for Multi-Robot Systems,2025,Robotics: Science and Systems XXI,https://doi.org/10.15607/rss.2025.xxi.099,Addresses hierarchical robot policies or a neighboring robotics mechanism.,"Prior work usually predicts, ranks, filters, or imitates observed behavior rather than preserving unrealized branches.",The observed outcome is enough to supervise the model.,"Contact mode support, embodiment limits, and deployment perturbations.","Branch collapse, hidden-mode shift, and tail-risk planning failures.",Generic world models and generic uncertainty are crowded.,Hierarchical failure containment keeps action-critical alternatives explicit until a physical observation collapses them.
77,doi:10.1371/journal.pone.0238133,Expectations vs. actual behavior of a social robot: An experimental investigation of the effects of a social robot’s interaction skill level and its expected future role on people’s evaluations,2020,PLoS ONE,https://doi.org/10.1371/journal.pone.0238133,Addresses hierarchical robot policies or a neighboring robotics mechanism.,"Prior work usually predicts, ranks, filters, or imitates observed behavior rather than preserving unrealized branches.",The observed outcome is enough to supervise the model.,"Contact mode support, embodiment limits, and deployment perturbations.","Branch collapse, hidden-mode shift, and tail-risk planning failures.",Generic world models and generic uncertainty are crowded.,Hierarchical failure containment keeps action-critical alternatives explicit until a physical observation collapses them.
78,arxiv:2603.06987v1,Foundational World Models Accurately Detect Bimanual Manipulator Failures,2026,arXiv,http://arxiv.org/abs/2603.06987v1,Addresses hierarchical robot policies or a neighboring robotics mechanism.,"Prior work usually predicts, ranks, filters, or imitates observed behavior rather than preserving unrealized branches.",The observed outcome is enough to supervise the model.,"Contact mode support, embodiment limits, and deployment perturbations.","Branch collapse, hidden-mode shift, and tail-risk planning failures.",Generic world models and generic uncertainty are crowded.,Hierarchical failure containment keeps action-critical alternatives explicit until a physical observation collapses them.
79,doi:10.1093/elt/ccab051,Does planning before writing help? Options for pre-task planning in the teaching of writing,2022,ELT Journal,https://doi.org/10.1093/elt/ccab051,Addresses hierarchical robot policies or a neighboring robotics mechanism.,"Prior work usually predicts, ranks, filters, or imitates observed behavior rather than preserving unrealized branches.",The observed outcome is enough to supervise the model.,"Contact mode support, embodiment limits, and deployment perturbations.","Branch collapse, hidden-mode shift, and tail-risk planning failures.",Generic world models and generic uncertainty are crowded.,Hierarchical failure containment keeps action-critical alternatives explicit until a physical observation collapses them.
80,doi:10.1142/s2972335324500029,Consolidating Trees of Robotic Plans Generated Using Large Language Models to Improve Reliability,2024,International Journal of Artificial Intelligence and Robotics Research,https://doi.org/10.1142/s2972335324500029,Addresses hierarchical robot policies or a neighboring robotics mechanism.,"Prior work usually predicts, ranks, filters, or imitates observed behavior rather than preserving unrealized branches.",The observed outcome is enough to supervise the model.,"Contact mode support, embodiment limits, and deployment perturbations.","Branch collapse, hidden-mode shift, and tail-risk planning failures.",Generic world models and generic uncertainty are crowded.,Hierarchical failure containment keeps action-critical alternatives explicit until a physical observation collapses them.
81,doi:10.1109/lra.2021.3056370,Human-Aware Robot Task Planning Based on a Hierarchical Task Model,2021,IEEE Robotics and Automation Letters,https://doi.org/10.1109/lra.2021.3056370,Addresses hierarchical robot policies or a neighboring robotics mechanism.,"Prior work usually predicts, ranks, filters, or imitates observed behavior rather than preserving unrealized branches.",The observed outcome is enough to supervise the model.,"Contact mode support, embodiment limits, and deployment perturbations.","Branch collapse, hidden-mode shift, and tail-risk planning failures.",Generic world models and generic uncertainty are crowded.,Hierarchical failure containment keeps action-critical alternatives explicit until a physical observation collapses them.
82,arxiv:2309.08052v1,A Bayesian approach to breaking things: efficiently predicting and repairing failure modes via sampling,2023,arXiv,http://arxiv.org/abs/2309.08052v1,Addresses hierarchical robot policies or a neighboring robotics mechanism.,"Prior work usually predicts, ranks, filters, or imitates observed behavior rather than preserving unrealized branches.",The observed outcome is enough to supervise the model.,"Contact mode support, embodiment limits, and deployment perturbations.","Branch collapse, hidden-mode shift, and tail-risk planning failures.",Generic world models and generic uncertainty are crowded.,Hierarchical failure containment keeps action-critical alternatives explicit until a physical observation collapses them.
83,doi:10.1115/dscc2020-3312,"Design, Modeling, and Identification of an Experimental Liquid-Level Control System: Enabling Research in Fault Diagnosis",2020,Volume 1: Adaptive/Intelligent Sys. Control; Driver Assistance/Autonomous Tech.; Control Design Methods; Nonlinear Control; Robotics; Assistive/Rehabilitation Devices; Biomedical/Neural Systems; Building Energy Systems; Connected Vehicle Systems; Control/Estimation of Energy Systems; Control Apps.; Smart Buildings/Microgrids; Education; Human-Robot Systems; Soft Mechatronics/Robotic Components/Systems; Energy/Power Systems; Energy Storage; Estimation/Identification; Vehicle Efficiency/Emissions,https://doi.org/10.1115/dscc2020-3312,Addresses hierarchical robot policies or a neighboring robotics mechanism.,"Prior work usually predicts, ranks, filters, or imitates observed behavior rather than preserving unrealized branches.",The observed outcome is enough to supervise the model.,"Contact mode support, embodiment limits, and deployment perturbations.","Branch collapse, hidden-mode shift, and tail-risk planning failures.",Generic world models and generic uncertainty are crowded.,Hierarchical failure containment keeps action-critical alternatives explicit until a physical observation collapses them.
84,doi:10.3390/electronics14132692,Modified Dual Hierarchical Terminal Sliding Mode Control Design for Two-Wheeled Self-Balancing Robot,2025,Electronics,https://doi.org/10.3390/electronics14132692,Addresses hierarchical robot policies or a neighboring robotics mechanism.,"Prior work usually predicts, ranks, filters, or imitates observed behavior rather than preserving unrealized branches.",The observed outcome is enough to supervise the model.,"Contact mode support, embodiment limits, and deployment perturbations.","Branch collapse, hidden-mode shift, and tail-risk planning failures.",Generic world models and generic uncertainty are crowded.,Hierarchical failure containment keeps action-critical alternatives explicit until a physical observation collapses them.
85,doi:10.3390/s23052818,Leveraging Active Learning for Failure Mode Acquisition,2023,Sensors,https://doi.org/10.3390/s23052818,Addresses hierarchical robot policies or a neighboring robotics mechanism.,"Prior work usually predicts, ranks, filters, or imitates observed behavior rather than preserving unrealized branches.",The observed outcome is enough to supervise the model.,"Contact mode support, embodiment limits, and deployment perturbations.","Branch collapse, hidden-mode shift, and tail-risk planning failures.",Generic world models and generic uncertainty are crowded.,Hierarchical failure containment keeps action-critical alternatives explicit until a physical observation collapses them.
86,doi:10.1109/ricai64321.2024.10911477,Design and Application of a Multi-task Legal Large Language Model,2024,"2024 6th International Conference on Robotics, Intelligent Control and Artificial Intelligence (RICAI)",https://doi.org/10.1109/ricai64321.2024.10911477,Addresses hierarchical robot policies or a neighboring robotics mechanism.,"Prior work usually predicts, ranks, filters, or imitates observed behavior rather than preserving unrealized branches.",The observed outcome is enough to supervise the model.,"Contact mode support, embodiment limits, and deployment perturbations.","Branch collapse, hidden-mode shift, and tail-risk planning failures.",Generic world models and generic uncertainty are crowded.,Hierarchical failure containment keeps action-critical alternatives explicit until a physical observation collapses them.
87,doi:10.48550/arxiv.2402.10211,Hierarchical State Space Models for Continuous Sequence-to-Sequence Modeling,2024,arXiv (Cornell University),https://doi.org/10.48550/arxiv.2402.10211,Addresses hierarchical robot policies or a neighboring robotics mechanism.,"Prior work usually predicts, ranks, filters, or imitates observed behavior rather than preserving unrealized branches.",The observed outcome is enough to supervise the model.,"Contact mode support, embodiment limits, and deployment perturbations.","Branch collapse, hidden-mode shift, and tail-risk planning failures.",Generic world models and generic uncertainty are crowded.,Hierarchical failure containment keeps action-critical alternatives explicit until a physical observation collapses them.
88,doi:10.1609/icaps.v20i1.13436,Combined Task and Motion Planning for Mobile Manipulation,2010,Proceedings of the International Conference on Automated Planning and Scheduling,https://doi.org/10.1609/icaps.v20i1.13436,Addresses hierarchical robot policies or a neighboring robotics mechanism.,"Prior work usually predicts, ranks, filters, or imitates observed behavior rather than preserving unrealized branches.",The observed outcome is enough to supervise the model.,"Contact mode support, embodiment limits, and deployment perturbations.","Branch collapse, hidden-mode shift, and tail-risk planning failures.",Generic world models and generic uncertainty are crowded.,Hierarchical failure containment keeps action-critical alternatives explicit until a physical observation collapses them.
89,doi:10.1109/lra.2016.2535907,A Hierarchical Human-Robot Interaction-Planning Framework for Task Allocation in Collaborative Industrial Assembly Processes,2017,IEEE Robotics and Automation Letters,https://doi.org/10.1109/lra.2016.2535907,Addresses hierarchical robot policies or a neighboring robotics mechanism.,"Prior work usually predicts, ranks, filters, or imitates observed behavior rather than preserving unrealized branches.",The observed outcome is enough to supervise the model.,"Contact mode support, embodiment limits, and deployment perturbations.","Branch collapse, hidden-mode shift, and tail-risk planning failures.",Generic world models and generic uncertainty are crowded.,Hierarchical failure containment keeps action-critical alternatives explicit until a physical observation collapses them.
90,doi:10.1109/iros.2016.7759434,Robotic playing for hierarchical complex skill learning,2016,,https://doi.org/10.1109/iros.2016.7759434,Addresses hierarchical robot policies or a neighboring robotics mechanism.,"Prior work usually predicts, ranks, filters, or imitates observed behavior rather than preserving unrealized branches.",The observed outcome is enough to supervise the model.,"Contact mode support, embodiment limits, and deployment perturbations.","Branch collapse, hidden-mode shift, and tail-risk planning failures.",Generic world models and generic uncertainty are crowded.,Hierarchical failure containment keeps action-critical alternatives explicit until a physical observation collapses them.
91,doi:10.22541/au.173101401.16810534/v1,Dynamic Modelling and Design of Hierarchical Sliding Mode Control for a Two-Wheeled Self-Balancing Mobile Robot Moving on a Muddy Road,,,https://doi.org/10.22541/au.173101401.16810534/v1,Addresses hierarchical robot policies or a neighboring robotics mechanism.,"Prior work usually predicts, ranks, filters, or imitates observed behavior rather than preserving unrealized branches.",The observed outcome is enough to supervise the model.,"Contact mode support, embodiment limits, and deployment perturbations.","Branch collapse, hidden-mode shift, and tail-risk planning failures.",Generic world models and generic uncertainty are crowded.,Hierarchical failure containment keeps action-critical alternatives explicit until a physical observation collapses them.
92,arxiv:2109.08771v2,Search-Based Task Planning with Learned Skill Effect Models for Lifelong Robotic Manipulation,2021,arXiv,http://arxiv.org/abs/2109.08771v2,Addresses hierarchical robot policies or a neighboring robotics mechanism.,"Prior work usually predicts, ranks, filters, or imitates observed behavior rather than preserving unrealized branches.",The observed outcome is enough to supervise the model.,"Contact mode support, embodiment limits, and deployment perturbations.","Branch collapse, hidden-mode shift, and tail-risk planning failures.",Generic world models and generic uncertainty are crowded.,Hierarchical failure containment keeps action-critical alternatives explicit until a physical observation collapses them.
93,doi:10.1109/icorr.2015.7281191,The role of skill level and motor task characteristics on the effectiveness of robotic training: first results,2015,,https://doi.org/10.1109/icorr.2015.7281191,Addresses hierarchical robot policies or a neighboring robotics mechanism.,"Prior work usually predicts, ranks, filters, or imitates observed behavior rather than preserving unrealized branches.",The observed outcome is enough to supervise the model.,"Contact mode support, embodiment limits, and deployment perturbations.","Branch collapse, hidden-mode shift, and tail-risk planning failures.",Generic world models and generic uncertainty are crowded.,Hierarchical failure containment keeps action-critical alternatives explicit until a physical observation collapses them.
94,doi:10.1115/dscc2015-9773,Hierarchical Hybrid Predictive Control of an Autonomous Road Vehicle,2015,"Volume 3: Multiagent Network Systems; Natural Gas and Heat Exchangers; Path Planning and Motion Control; Powertrain Systems; Rehab Robotics; Robot Manipulators; Rollover Prevention (AVS); Sensors and Actuators; Time Delay Systems; Tracking Control Systems; Uncertain Systems and Robustness; Unmanned, Ground and Surface Robotics; Vehicle Dynamics Control; Vibration and Control of Smart Structures/Mech Systems; Vibration Issues in Mechanical Systems",https://doi.org/10.1115/dscc2015-9773,Addresses hierarchical robot policies or a neighboring robotics mechanism.,"Prior work usually predicts, ranks, filters, or imitates observed behavior rather than preserving unrealized branches.",The observed outcome is enough to supervise the model.,"Contact mode support, embodiment limits, and deployment perturbations.","Branch collapse, hidden-mode shift, and tail-risk planning failures.",Generic world models and generic uncertainty are crowded.,Hierarchical failure containment keeps action-critical alternatives explicit until a physical observation collapses them.
95,doi:10.1109/dcc62719.2025.00095,LL-ICM: Image Compression for Low-Level Machine Vision via Large Vision-Language Model,2025,2025 Data Compression Conference (DCC),https://doi.org/10.1109/dcc62719.2025.00095,Addresses hierarchical robot policies or a neighboring robotics mechanism.,"Prior work usually predicts, ranks, filters, or imitates observed behavior rather than preserving unrealized branches.",The observed outcome is enough to supervise the model.,"Contact mode support, embodiment limits, and deployment perturbations.","Branch collapse, hidden-mode shift, and tail-risk planning failures.",Generic world models and generic uncertainty are crowded.,Hierarchical failure containment keeps action-critical alternatives explicit until a physical observation collapses them.
96,arxiv:2412.07493v3,LLM-guided Task and Motion Planning using Knowledge-based Reasoning,2024,arXiv,http://arxiv.org/abs/2412.07493v3,Addresses hierarchical robot policies or a neighboring robotics mechanism.,"Prior work usually predicts, ranks, filters, or imitates observed behavior rather than preserving unrealized branches.",The observed outcome is enough to supervise the model.,"Contact mode support, embodiment limits, and deployment perturbations.","Branch collapse, hidden-mode shift, and tail-risk planning failures.",Generic world models and generic uncertainty are crowded.,Hierarchical failure containment keeps action-critical alternatives explicit until a physical observation collapses them.
97,arxiv:2402.01617v1,A GP-based Robust Motion Planning Framework for Agile Autonomous Robot Navigation and Recovery in Unknown Environments,2024,arXiv,http://arxiv.org/abs/2402.01617v1,Addresses hierarchical robot policies or a neighboring robotics mechanism.,"Prior work usually predicts, ranks, filters, or imitates observed behavior rather than preserving unrealized branches.",The observed outcome is enough to supervise the model.,"Contact mode support, embodiment limits, and deployment perturbations.","Branch collapse, hidden-mode shift, and tail-risk planning failures.",Generic world models and generic uncertainty are crowded.,Hierarchical failure containment keeps action-critical alternatives explicit until a physical observation collapses them.
98,doi:10.1109/iccv.2015.517,Action Recognition by Hierarchical Mid-Level Action Elements,2015,2015 IEEE International Conference on Computer Vision (ICCV),https://doi.org/10.1109/iccv.2015.517,Addresses hierarchical robot policies or a neighboring robotics mechanism.,"Prior work usually predicts, ranks, filters, or imitates observed behavior rather than preserving unrealized branches.",The observed outcome is enough to supervise the model.,"Contact mode support, embodiment limits, and deployment perturbations.","Branch collapse, hidden-mode shift, and tail-risk planning failures.",Generic world models and generic uncertainty are crowded.,Hierarchical failure containment keeps action-critical alternatives explicit until a physical observation collapses them.
99,doi:10.1142/s2301385021500151,A Survey of Motion and Task Planning Techniques for Unmanned Multicopter Systems,2021,Unmanned Systems,https://doi.org/10.1142/s2301385021500151,Addresses hierarchical robot policies or a neighboring robotics mechanism.,"Prior work usually predicts, ranks, filters, or imitates observed behavior rather than preserving unrealized branches.",The observed outcome is enough to supervise the model.,"Contact mode support, embodiment limits, and deployment perturbations.","Branch collapse, hidden-mode shift, and tail-risk planning failures.",Generic world models and generic uncertainty are crowded.,Hierarchical failure containment keeps action-critical alternatives explicit until a physical observation collapses them.
100,arxiv:2601.07821v1,Failure-Aware RL: Reliable Offline-to-Online Reinforcement Learning with Self-Recovery for Real-World Manipulation,2026,arXiv,http://arxiv.org/abs/2601.07821v1,Addresses hierarchical robot policies or a neighboring robotics mechanism.,"Prior work usually predicts, ranks, filters, or imitates observed behavior rather than preserving unrealized branches.",The observed outcome is enough to supervise the model.,"Contact mode support, embodiment limits, and deployment perturbations.","Branch collapse, hidden-mode shift, and tail-risk planning failures.",Generic world models and generic uncertainty are crowded.,Hierarchical failure containment keeps action-critical alternatives explicit until a physical observation collapses them.
